Image,Keypoint_detection_time,No_of_Kpts,Descriptor_extraction_time,No_of_matched_Kpts
0,55.0903,166,6.34784,
1,56.1438,157,6.05726,131
2,50.5045,161,2.74857,129
3,50.5054,155,6.46444,127
4,50.5396,163,7.14064,117
5,63.1185,164,6.80871,130
6,55.3037,173,6.76244,131
7,50.9276,175,6.35794,137
8,50.0932,177,6.88176,135
9,51.5081,179,7.18823,145
