Image,Keypoint_detection_time,No_of_Kpts,Descriptor_extraction_time,No_of_matched_Kpts
0,58.1949,166,1.02017,
1,62.2268,157,1.8874,141
2,69.1553,161,1.60201,134
3,51.1473,155,3.30675,131
4,73.5847,163,5.68024,130
5,51.744,164,1.94151,134
6,53.5356,173,3.94945,146
7,54.9597,175,3.98043,150
8,51.1745,177,2.03318,148
9,66.4535,179,4.91606,152
