Image,Keypoint_detection_time,No_of_Kpts,Descriptor_extraction_time,No_of_matched_Kpts
0,11.206,67,0.853106,
1,10.0879,72,0.74845,47
2,10.0743,71,0.596589,50
3,10.4667,78,1.08797,47
4,10.658,83,0.608276,49
5,10.173,77,0.92906,53
6,11.1976,80,0.685073,51
7,10.7996,80,0.821266,63
8,10.6522,84,0.667162,54
9,10.6757,75,0.580024,66
