Image,Keypoint_detection_time,No_of_Kpts,Descriptor_extraction_time,No_of_matched_Kpts
0,11.4437,67,4.87686,
1,10.9041,72,3.61057,40
2,11.1165,71,3.90491,49
3,11.0332,78,4.03703,44
4,10.8859,83,10.5067,50
5,10.9708,77,3.67931,44
6,10.5399,80,4.12342,53
7,10.377,80,3.53351,50
8,10.6564,84,3.48116,56
9,10.924,75,4.08366,57
