Image,Keypoint_detection_time,No_of_Kpts,Descriptor_extraction_time,No_of_matched_Kpts
0,0.526658,35,41.2912,
1,0.353458,38,24.6429,30
2,0.585404,38,25.2896,29
3,1.0757,40,36.5331,30
4,1.07106,43,38.8881,33
5,1.12104,42,36.563,35
6,0.622263,42,19.0141,34
7,1.09702,46,33.5772,33
8,1.12787,47,30.5831,36
9,1.08433,47,40.8023,35
