Image,Keypoint_detection_time,No_of_Kpts,Descriptor_extraction_time,No_of_matched_Kpts
0,0.352998,35,2.97765,
1,0.354751,38,1.97019,28
2,0.314164,38,1.95465,30
3,1.17638,40,2.16056,32
4,0.313473,43,2.19931,35
5,1.05191,42,2.33055,34
6,1.059,42,2.2427,33
7,0.426514,46,0.783975,34
8,0.332375,47,1.8788,40
9,1.08745,47,0.97583,44
