Image,Keypoint_detection_time,No_of_Kpts,Descriptor_extraction_time,No_of_matched_Kpts
0,0.355814,35,1.25304,
1,0.610332,38,1.2646,31
2,0.334564,38,0.530617,31
3,1.00065,40,0.91284,32
4,1.06,43,0.862699,35
5,0.310407,42,0.861866,36
6,1.10883,42,0.855285,33
7,1.21128,46,0.938538,37
8,1.22484,47,0.90251,39
9,1.08231,47,0.901178,45
