Image,Keypoint_detection_time,No_of_Kpts,Descriptor_extraction_time,No_of_matched_Kpts
0,0.637247,35,61.5443,
1,0.374394,38,59.6529,23
2,1.01111,38,68.9169,23
3,1.0274,40,65.1524,29
4,1.05958,43,63.9535,29
5,1.0533,42,70.2181,30
6,1.07583,42,65.8936,31
7,2.50156,46,63.8414,30
8,1.18651,47,66.1769,32
9,1.09055,47,66.816,39
