Image,Keypoint_detection_time,No_of_Kpts,Descriptor_extraction_time,No_of_matched_Kpts
0,16.9563,41,0.837013,
1,14.7764,37,1.21009,35
2,11.8751,35,0.383426,33
3,13.5523,40,0.762332,32
4,14.2721,36,0.782114,34
5,10.848,36,0.490977,35
6,26.3091,38,0.772233,31
7,23.1503,37,2.38026,33
8,23.2215,33,0.514545,36
9,20.7419,35,2.71763,31
