Image,Keypoint_detection_time,No_of_Kpts,Descriptor_extraction_time,No_of_matched_Kpts
0,7.17401,92,3.6001,
1,7.00779,102,1.43752,49
2,11.1171,106,1.2161,43
3,15.9951,113,1.4877,45
4,10.2881,109,1.49779,59
5,11.1987,125,1.35869,53
6,10.3124,130,1.58278,78
7,5.87735,129,1.7435,68
8,9.72248,127,1.95885,84
9,18.0093,128,2.00163,66
