Image,Keypoint_detection_time,No_of_Kpts,Descriptor_extraction_time,No_of_matched_Kpts
0,9.76366,92,68.0229,
1,6.66365,102,58.854,42
2,18.0137,106,67.3529,36
3,22.2427,113,67.8483,44
4,17.2058,109,61.1282,47
5,17.1118,125,61.5071,44
6,19.0505,130,68.2453,51
7,20.8997,129,67.6657,52
8,17.0413,127,67.1922,48
9,18.4869,128,65.1126,56
