Image,Keypoint_detection_time,No_of_Kpts,Descriptor_extraction_time,No_of_matched_Kpts
0,16.255,125,2.42409,
1,25.652,118,1.79314,115
2,19.5695,123,1.08312,111
3,19.3568,120,3.66602,104
4,11.8226,120,3.9477,101
5,22.037,113,0.595923,102
6,12.5426,114,2.0119,102
7,20.6204,123,1.68346,100
8,22.8398,111,0.584235,109
9,28.4678,112,2.80642,100
