Image,Keypoint_detection_time,No_of_Kpts,Descriptor_extraction_time,No_of_matched_Kpts
0,19.1901,125,1.96185,
1,13.8088,118,2.44054,106
2,23.465,123,2.48244,102
3,15.9763,120,2.41509,99
4,28.725,120,3.02031,102
5,11.0771,113,2.53888,103
6,16.252,114,2.47829,97
7,27.5811,123,2.6193,98
8,25.6334,111,2.69538,104
9,12.5856,112,2.55923,97
