Image,Keypoint_detection_time,No_of_Kpts,Descriptor_extraction_time,No_of_matched_Kpts
0,102.626,138,0.902718,
1,86.457,132,0.729974,86
2,85.5796,124,1.5554,78
3,94.231,137,0.995495,76
4,88.8162,134,1.80392,85
5,92.3599,140,1.80723,69
6,95.4669,137,2.23025,74
7,93.3066,148,1.52468,76
8,92.5261,159,0.660251,70
9,89.4479,137,0.756034,88
